NAME,TIME,VALUE
wave.sin,1676432361,0.000000
wave.cos,1676432361,1.000000
wave.sin,1676432362,0.406736
wave.cos,1676432362,0.913546
wave.sin,1676432363,0.743144
